fips,land_sq_mi
01001,594.456
01003,1589.836
01005,885.008
01007,622.47
01009,644.891
01011,622.815
01013,776.839
01015,605.889
01017,596.561
01019,553.524
01021,692.837
01023,913.479
01025,1238.42
01027,603.962
01029,560.105
01031,678.986
01033,592.953
01035,850.279
01037,650.909
01039,1030.571
01041,608.865
01043,734.738
01045,561.113
01047,978.738
01049,777.077
01051,618.515
01053,945.408
01055,535.105
01057,627.684
01059,633.92
01061,574.485
01063,647.023
01065,643.99
01067,561.763
01069,579.826
01071,1078.015
01073,1111.531
01075,604.846
01077,668.014
01079,690.684
01081,607.543
01083,559.963
01085,716.085
01087,608.665
01089,801.601
01091,976.898
01093,742.343
01095,565.845
01097,1229.374
01099,1025.669
01101,785.35
01103,579.67
01105,719.67
01107,881.408
01109,672.067
01111,580.55
01113,641.182
01115,631.57
01117,785.44
01119,903.826
01121,736.817
01123,716.528
01125,1320.848
01127,791.03
01129,1080.203
01131,887.858
01133,612.998
02013,6985.234
02016,4393.026
02020,1706.8
02050,40627.14
02060,481.977
02063,9529.839
02066,24692.136
02068,12641.049
02070,18333.994
02090,7334.809
02100,2343.393
02105,6555.258
02110,2704.031
02122,16017.419
02130,4856.927
02150,6688.86
02158,17077.063
02164,23831.834
02170,24706.967
02180,22969.463
02185,88823.627
02188,35663.282
02195,2900.654
02198,5267.725
02220,2870.058
02230,433.933
02240,24831.059
02275,2555.995
02282,7623.28
02290,145575.546
04001,11198.309
04003,6209.75
04005,18616.355
04007,4757.33
04009,4621.877
04011,1842.143
04012,4496.565
04013,9201.792
04015,13332.118
04017,9949.491
04019,9188.69
04021,5366.047
04023,1236.242
04025,8122.872
04027,5513.838
05001,992.141
05003,925.492
05005,553.926
05007,847.721
05009,589.723
05011,649.167
05013,628.601
05015,629.938
05017,636.978
05019,865.971
05021,639.224
05023,553.959
05025,597.914
05027,766.065
05029,551.917
05031,707.158
05033,595.269
05035,612.865
05037,616.318
05039,667.323
05041,741.214
05043,828.662
05045,647.246
05047,608.963
05049,618.036
05051,677.643
05053,631.885
05055,577.34
05057,727.2
05059,614.944
05061,587.326
05063,763.712
05065,580.177
05067,633.611
05069,872.367
05071,660.996
05073,529.472
05075,587.528
05077,599.807
05079,559.462
05081,531.255
05083,709.116
05085,771.448
05087,834.228
05089,596.653
05091,624.04
05093,902.093
05095,607.469
05097,780.453
05099,617.79
05101,821.072
05103,732.721
05105,551.377
05107,690.36
05109,600.335
05111,758.295
05113,856.838
05115,811.128
05117,647.52
05119,758.308
05121,651.913
05123,634.784
05125,723.532
05127,892.85
05129,665.834
05131,531.182
05133,563.574
05135,604.624
05137,606.44
05139,1039.067
05141,709.563
05143,941.471
05145,1034.079
05147,585.965
05149,930.211
06001,737.462
06003,738.34
06005,594.584
06007,1636.49
06009,1020.019
06011,1150.713
06013,716.929
06015,1006.228
06017,1707.85
06019,5958.383
06021,1313.968
06023,3568.188
06025,4175.539
06027,10197.261
06029,8134.646
06031,1390.972
06033,1256.551
06035,4541.34
06037,4059.282
06039,2136.918
06041,520.423
06043,1448.84
06045,3506.824
06047,1938.004
06049,3948.234
06051,3048.904
06053,3281.723
06055,748.279
06057,957.76
06059,792.841
06061,1407.075
06063,2553.062
06065,7209.269
06067,965.271
06069,1388.652
06071,20068.011
06073,4210.234
06075,46.914
06077,1392.37
06079,3300.854
06081,448.621
06083,2733.936
06085,1291.084
06087,445.108
06089,3775.52
06091,953.168
06093,6278.768
06095,821.829
06097,1575.63
06099,1496.017
06101,602.696
06103,2949.137
06105,3179.268
06107,4823.899
06109,2220.911
06111,1840.789
06113,1014.733
06115,632.006
08001,1166.735
08003,722.645
08005,797.86
08007,1350.088
08009,2554.993
08011,1512.847
08013,726.383
08014,32.968
08015,1013.408
08017,1778.276
08019,395.073
08021,1287.428
08023,1227.593
08025,787.428
08027,738.626
08029,1142.125
08031,153.075
08033,1067.17
08035,840.245
08037,1684.469
08039,1850.836
08041,2126.416
08043,1533.87
08045,2947.43
08047,150.023
08049,1846.439
08051,3239.14
08053,1117.231
08055,1591.033
08057,1613.726
08059,764.38
08061,1767.809
08063,2160.822
08065,376.919
08067,1689.682
08069,2595.77
08071,4772.938
08073,2577.679
08075,1838.598
08077,3328.721
08079,875.76
08081,4743.244
08083,2029.349
08085,2240.946
08087,1280.485
08089,1261.946
08091,540.671
08093,2193.51
08095,687.928
08097,970.701
08099,1638.408
08101,2386.591
08103,3220.971
08105,911.956
08107,2362.02
08109,3168.566
08111,387.516
08113,1286.725
08115,548.041
08117,608.328
08119,557.075
08121,2518.084
08123,3984.941
08125,2364.398
09001,624.97
09003,734.933
09005,920.515
09007,369.304
09009,604.305
09011,665.065
09013,410.352
09015,512.928
10001,586.061
10003,426.337
10005,936.156
11001,61.126
12001,875.635
12003,585.23
12005,758.642
12007,293.964
12009,1014.971
12011,1202.731
12013,567.336
12015,681.119
12017,581.918
12019,604.611
12021,1996.95
12023,797.551
12027,636.695
12029,705.034
12031,762.646
12033,656.993
12035,486.201
12037,544.983
12039,516.375
12041,349.695
12043,806.822
12045,553.453
12047,514.295
12049,637.569
12051,1155.95
12053,472.966
12055,1017.66
12057,1021.889
12059,478.857
12061,502.81
12063,918.186
12065,598.079
12067,543.345
12069,951.552
12071,781.009
12073,668.43
12075,1118.223
12077,835.563
12079,696.529
12081,742.762
12083,1588.422
12085,543.822
12086,1899.904
12087,983.042
12089,648.681
12091,930.194
12093,769.164
12095,902.024
12097,1327.546
12099,1964.299
12101,746.619
12103,273.705
12105,1797.764
12107,728.364
12109,600.644
12111,571.66
12113,1012.401
12115,556.002
12117,309.379
12119,557.133
12121,688.586
12123,1043.335
12125,243.555
12127,1101.312
12129,606.418
12131,1038.293
12133,584.677
13001,508.274
13003,342.718
13005,284.082
13007,341.957
13009,258.698
13011,232.616
13013,161.037
13015,458.909
13017,250.118
13019,453.376
13021,249.383
13023,215.872
13025,443.235
13027,493.184
13029,437.562
13031,675.963
13033,827.037
13035,183.69
13037,280.384
13039,630.359
13043,243.059
13045,499.135
13047,162.162
13049,780.087
13051,433.119
13053,248.737
13055,313.327
13057,421.082
13059,119.223
13061,195.404
13063,141.653
13065,814.996
13067,339.78
13069,592.27
13071,547.037
13073,290.191
13075,228.451
13077,441.07
13079,324.914
13081,272.68
13083,173.972
13085,210.828
13087,597.239
13089,267.74
13091,495.963
13093,392.631
13095,328.644
13097,200.138
13099,512.6
13101,420.407
13103,478.829
13105,351.103
13107,680.574
13109,182.895
13111,387.105
13113,194.56
13115,509.811
13117,224.618
13119,261.35
13121,526.695
13123,426.213
13125,143.746
13127,419.636
13129,356.443
13131,454.462
13133,387.517
13135,430.756
13137,276.868
13139,392.988
13141,471.067
13143,282.165
13145,463.802
13147,232.422
13149,295.973
13151,318.708
13153,376.046
13155,354.363
13157,339.658
13159,368.406
13161,330.919
13163,526.555
13165,347.326
13167,303.019
13169,393.942
13171,183.501
13173,196.538
13175,807.336
13177,355.882
13179,516.471
13181,210.381
13183,400.39
13185,497.239
13187,282.944
13189,257.372
13191,431.354
13193,400.662
13195,282.324
13197,365.72
13199,500.907
13201,282.423
13205,512.158
13207,396.092
13209,241.145
13211,347.411
13213,344.494
13215,216.495
13217,273.804
13219,184.342
13221,439.062
13223,312.35
13225,150.284
13227,232.059
13229,340.456
13231,216.086
13233,310.336
13235,249.261
13237,344.682
13239,151.237
13241,370.134
13243,428.236
13245,324.34
13247,129.818
13249,166.909
13251,645.778
13253,237.543
13255,195.97
13257,178.864
13259,458.748
13261,482.877
13263,391.377
13265,194.607
13267,480.84
13269,376.686
13271,437.307
13273,335.791
13275,544.633
13277,260.89
13279,364.013
13281,166.477
13283,199.431
13285,414.009
13287,285.417
13289,359.26
13291,322.085
13293,323.467
13295,446.39
13297,326.821
13299,899.242
13301,284.358
13303,678.526
13305,641.813
13307,209.657
13309,295.49
13311,240.744
13313,290.445
13315,377.811
13317,469.501
13319,449.214
13321,570.712
15001,4028.449
15003,600.625
15005,11.991
15007,619.884
15009,1161.53
16001,1052.014
16003,1362.805
16005,1112.491
16007,975.728
16009,776.931
16011,2093.732
16013,2637.738
16015,1899.556
16017,1733.22
16019,1865.982
16021,1268.679
16023,2236.487
16025,1074.234
16027,587.05
16029,1764.194
16031,2565.61
16033,1763.145
16035,2457.314
16037,4922.177
16039,3075.079
16041,663.019
16043,1863.96
16045,559.769
16047,729.322
16049,8477.499
16051,1093.681
16053,597.543
16055,1237.779
16057,1075.867
16059,4563.695
16061,478.822
16063,1201.364
16065,469.267
16067,756.996
16069,848.32
16071,1198.951
16073,7668.205
16075,406.893
16077,1403.826
16079,2637.425
16081,449.091
16083,1921.71
16085,3665.119
16087,1452.852
17001,855.149
17003,235.394
17005,380.336
17007,280.741
17009,305.727
17011,869.071
17013,253.829
17015,445.406
17017,375.754
17019,996.104
17021,709.49
17023,501.375
17025,468.351
17027,473.941
17029,508.272
17031,944.927
17033,443.643
17035,345.944
17037,631.337
17039,397.561
17041,416.647
17043,327.799
17045,623.324
17047,222.4
17049,478.769
17051,716.445
17053,485.597
17055,408.924
17057,865.683
17059,322.941
17061,543.039
17063,418.126
17065,434.647
17067,793.748
17069,177.389
17071,378.793
17073,823.061
17075,1117.395
17077,583.57
17079,494.614
17081,571.234
17083,369.66
17085,600.924
17087,343.735
17089,519.365
17091,676.49
17093,320.238
17095,716.385
17097,443.614
17099,1135.164
17101,372.179
17103,724.787
17105,1043.628
17107,618.052
17109,589.323
17111,603.395
17113,1183.248
17115,580.576
17117,862.974
17119,715.501
17121,572.538
17123,386.814
17125,539.352
17127,237.151
17129,314.391
17131,561.24
17133,385.326
17135,703.764
17137,568.948
17139,335.958
17141,758.654
17143,618.729
17145,441.928
17147,439.188
17149,831.352
17151,368.867
17153,199.268
17155,160.097
17157,575.367
17159,360.034
17161,427.496
17163,657.71
17165,379.99
17167,868.256
17169,437.3
17171,250.79
17173,758.51
17175,288.093
17177,564.247
17179,646.469
17181,413.411
17183,898.319
17185,223.323
17187,542.384
17189,562.587
17191,713.83
17193,494.983
17195,684.099
17197,835.876
17199,420.21
17201,513.05
17203,527.546
18001,338.926
18003,657.3
18005,406.94
18007,406.418
18009,165.082
18011,422.882
18013,311.987
18015,372.225
18017,412.144
18019,372.83
18021,357.6
18023,405.067
18025,305.613
18027,429.499
18029,305.087
18031,372.568
18033,362.833
18035,392.101
18037,427.265
18039,463.161
18041,215.021
18043,148.481
18045,395.668
18047,384.426
18049,368.393
18051,487.383
18053,414.089
18055,542.467
18057,394.377
18059,305.957
18061,484.104
18063,406.894
18065,391.877
18067,293.074
18069,382.649
18071,509.978
18073,559.68
18075,383.905
18077,360.64
18079,376.597
18081,320.415
18083,515.827
18085,531.444
18087,379.63
18089,498.729
18091,598.287
18093,449.146
18095,451.921
18097,396.612
18099,443.62
18101,335.761
18103,373.842
18105,394.522
18107,504.647
18109,403.834
18111,401.755
18113,410.845
18115,86.15
18117,398.379
18119,385.295
18121,444.721
18123,381.74
18125,334.303
18127,418.104
18129,409.385
18131,433.675
18133,480.537
18135,452.379
18137,446.423
18139,408.137
18141,457.777
18143,190.403
18145,411.138
18147,396.882
18149,309.144
18151,308.777
18153,447.172
18155,220.668
18157,498.907
18159,260.541
18161,161.19
18163,233.401
18165,256.864
18167,403.61
18169,412.538
18171,364.69
18173,384.843
18175,513.687
18177,401.754
18179,368.087
18181,505.139
18183,335.568
19001,569.271
19003,423.433
19005,639.044
19007,497.289
19009,442.961
19011,716.102
19013,565.757
19015,570.488
19017,435.479
19019,571.079
19021,574.899
19023,580.138
19025,569.846
19027,569.453
19029,564.258
19031,579.462
19033,568.3
19035,576.907
19037,504.324
19039,431.111
19041,567.238
19043,778.496
19045,694.959
19047,714.198
19049,588.299
19051,502.188
19053,531.883
19055,577.684
19057,416.129
19059,380.532
19061,608.299
19063,395.89
19065,730.817
19067,500.571
19069,581.969
19071,511.168
19073,569.56
19075,501.855
19077,590.604
19079,576.729
19081,571.005
19083,569.307
19085,696.874
19087,434.288
19089,473.247
19091,434.372
19093,431.513
19095,586.455
19097,636.043
19099,730.426
19101,435.524
19103,613.
19105,575.618
19107,579.175
19109,972.731
19111,517.55
19113,717.059
19115,401.772
19117,430.681
19119,587.609
19121,561.006
19123,570.851
19125,554.49
19127,572.503
19129,437.431
19131,469.256
19133,694.072
19135,433.717
19137,424.097
19139,437.445
19141,573.035
19143,398.687
19145,534.944
19147,563.864
19149,862.828
19151,577.241
19153,572.199
19155,951.268
19157,584.924
19159,535.498
19161,575.022
19163,458.096
19165,590.779
19167,767.914
19169,572.544
19171,721.011
19173,531.902
19175,423.645
19177,484.792
19179,431.842
19181,569.837
19183,568.828
19185,525.469
19187,715.706
19189,400.489
19191,689.836
19193,872.896
19195,400.123
19197,580.415
20001,500.297
20003,579.641
20005,431.174
20007,1134.075
20009,895.257
20011,635.461
20013,570.871
20015,1429.707
20017,773.053
20019,638.881
20021,587.567
20023,1019.89
20025,974.638
20027,645.298
20029,715.342
20031,626.885
20033,788.298
20035,1125.738
20037,589.771
20039,893.517
20041,847.068
20043,393.479
20045,455.766
20047,621.894
20049,644.264
20051,899.912
20053,715.575
20055,1301.997
20057,1098.271
20059,571.772
20061,384.663
20063,1071.666
20065,898.527
20067,574.808
20069,868.867
20071,778.404
20073,1143.304
20075,996.514
20077,801.274
20079,539.756
20081,577.521
20083,859.992
20085,656.219
20087,532.626
20089,909.971
20091,473.629
20093,870.543
20095,863.419
20097,722.64
20099,645.393
20101,717.409
20103,463.407
20105,719.396
20107,594.081
20109,1072.993
20111,847.478
20113,898.285
20115,944.299
20117,900.175
20119,978.083
20121,575.879
20123,701.792
20125,643.594
20127,695.343
20129,729.731
20131,717.427
20133,571.481
20135,1074.739
20137,878.044
20139,705.506
20141,892.516
20143,720.73
20145,754.263
20147,885.871
20149,840.74
20151,735.039
20153,1069.416
20155,1255.308
20157,717.377
20159,726.234
20161,609.7
20163,890.527
20165,717.763
20167,886.26
20169,720.246
20171,717.585
20173,996.936
20175,639.653
20177,544.026
20179,895.957
20181,1056.064
20183,895.464
20185,792.046
20187,680.352
20189,727.26
20191,1181.668
20193,1074.686
20195,889.474
20197,794.336
20199,913.652
20201,894.76
20203,718.566
20205,570.422
20207,497.819
20209,151.638
21001,405.288
21003,344.341
21005,202.168
21007,246.927
21009,487.585
21011,278.797
21013,359.062
21015,246.288
21017,289.746
21019,159.867
21021,180.35
21023,202.717
21025,492.416
21027,569.809
21029,297.052
21031,426.092
21033,344.79
21035,385.031
21037,151.34
21039,189.44
21041,128.678
21043,409.497
21045,444.239
21047,717.51
21049,252.487
21051,469.297
21053,197.25
21055,359.963
21057,305.196
21059,458.391
21061,302.885
21063,234.319
21065,253.094
21067,283.637
21069,348.545
21071,393.285
21073,207.844
21075,205.928
21077,98.364
21079,230.109
21081,257.977
21083,551.754
21085,499.928
21087,286.049
21089,344.462
21091,187.673
21093,623.395
21095,465.831
21097,306.412
21099,412.564
21101,436.326
21103,286.295
21105,242.274
21107,542.084
21109,345.195
21111,380.802
21113,172.167
21115,261.965
21117,160.291
21119,351.518
21121,386.305
21123,261.553
21125,433.989
21127,415.596
21129,208.859
21131,400.854
21133,337.93
21135,482.84
21137,332.843
21139,313.269
21141,552.213
21143,213.842
21145,248.724
21147,426.804
21149,252.527
21151,437.356
21153,308.444
21155,343.046
21157,302.207
21159,229.618
21161,240.126
21163,305.443
21165,203.585
21167,249.064
21169,289.641
21171,329.43
21173,197.35
21175,381.127
21177,467.358
21179,417.523
21181,195.162
21183,587.286
21185,187.244
21187,351.108
21189,197.41
21191,277.158
21193,339.702
21195,786.73
21197,178.981
21199,658.411
21201,99.921
21203,316.547
21205,279.84
21207,253.692
21209,281.768
21211,379.771
21213,234.205
21215,186.726
21217,266.369
21219,374.503
21221,441.504
21223,151.648
21225,342.787
21227,541.717
21229,296.972
21231,458.184
21233,332.099
21235,437.831
21237,222.171
21239,190.111
22001,655.244
22003,762.084
22005,289.969
22007,344.021
22009,831.942
22011,1157.477
22013,811.344
22015,839.52
22017,879.468
22019,1064.084
22021,529.77
22023,1284.639
22025,708.025
22027,754.794
22029,697.054
22031,876.449
22033,455.502
22035,420.887
22037,453.293
22039,662.431
22041,624.298
22043,643.188
22045,573.714
22047,618.719
22049,569.378
22051,300.949
22053,651.52
22055,268.827
22057,1067.793
22059,624.854
22061,471.636
22063,648.127
22065,624.175
22067,794.95
22069,1253.323
22071,169.489
22073,610.349
22075,780.172
22077,556.875
22079,1320.414
22081,388.98
22083,555.613
22085,866.625
22087,377.516
22089,277.742
22091,408.527
22093,237.861
22095,214.474
22097,924.029
22099,737.47
22101,555.843
22103,845.257
22105,791.171
22107,603.013
22109,1229.853
22111,876.9
22113,1173.61
22115,1326.719
22117,669.637
22119,593.289
22121,192.346
22123,359.686
22125,403.316
22127,950.004
23001,467.952
23003,6671.087
23005,836.221
23007,1697.004
23009,1587.128
23011,867.471
23013,365.136
23015,455.867
23017,2076.957
23019,3397.197
23021,3960.947
23023,253.971
23025,3924.27
23027,729.971
23029,2562.73
23031,991.186
24001,422.204
24003,414.81
24005,598.358
24009,213.19
24011,319.442
24013,447.63
24015,346.3
24017,457.824
24019,540.765
24021,660.591
24023,649.077
24025,437.126
24027,250.95
24029,277.027
24031,493.11
24033,482.65
24035,371.69
24037,358.616
24039,319.749
24041,268.558
24043,457.76
24045,374.429
24047,468.402
24510,80.946
25001,394.221
25003,926.877
25005,553.112
25007,103.202
25009,492.521
25011,699.208
25013,617.002
25015,527.233
25017,817.856
25019,46.192
25021,396.107
25023,658.502
25025,58.254
25027,1510.674
26001,674.655
26003,915.034
26005,825.253
26007,571.897
26009,475.679
26011,363.178
26013,898.427
26015,553.104
26017,442.408
26019,319.698
26021,567.781
26023,506.411
26025,706.262
26027,490.108
26029,416.33
26031,715.279
26033,1558.507
26035,564.367
26037,566.349
26039,556.403
26041,1171.101
26043,760.948
26045,575.209
26047,467.535
26049,636.942
26051,501.786
26053,1102.136
26055,464.336
26057,568.381
26059,598.152
26061,1009.101
26063,836.016
26065,556.078
26067,571.32
26069,549.104
26071,1165.997
26073,572.699
26075,701.897
26077,561.955
26079,559.744
26081,848.931
26083,540.112
26085,567.591
26087,646.983
26089,347.199
26091,749.627
26093,565.283
26095,899.075
26097,1021.879
26099,479.344
26101,542.325
26103,1809.051
26105,494.969
26107,555.155
26109,1044.041
26111,517.45
26113,564.788
26115,549.353
26117,705.329
26119,546.675
26121,503.914
26123,838.887
26125,867.275
26127,538.105
26129,563.503
26131,1310.978
26133,566.286
26135,565.674
26137,515.006
26139,563.52
26141,658.717
26143,519.897
26145,800.797
26147,721.513
26149,500.596
26151,962.571
26153,1171.876
26155,530.967
26157,804.851
26159,607.793
26161,706.003
26163,611.838
26165,564.925
27001,1821.773
27003,421.964
27005,1315.059
27007,2504.704
27009,408.297
27011,499.165
27013,747.849
27015,611.109
27017,861.192
27019,354.022
27021,2021.473
27023,581.23
27025,414.899
27027,1045.176
27029,998.826
27031,1452.567
27033,639.973
27035,998.357
27037,562.538
27039,439.282
27041,636.937
27043,712.479
27045,861.333
27047,707.245
27049,756.704
27051,547.8
27053,554.037
27055,552.044
27057,926.007
27059,435.758
27061,2667.74
27063,702.972
27065,521.61
27067,797.373
27069,1099.
27071,3104.607
27073,765.021
27075,2109.105
27077,1297.842
27079,448.674
27081,536.784
27083,714.411
27085,491.51
27087,557.867
27089,1775.063
27091,712.331
27093,607.969
27095,572.306
27097,1125.094
27099,711.273
27101,704.667
27103,448.592
27105,715.117
27107,872.789
27109,653.512
27111,1971.634
27113,616.579
27115,1411.337
27117,465.053
27119,1970.999
27121,669.536
27123,152.248
27125,432.407
27127,878.573
27129,982.905
27131,495.84
27133,482.459
27135,1671.718
27137,6247.574
27139,356.273
27141,432.909
27143,588.834
27145,1342.829
27147,429.645
27149,563.58
27151,741.986
27153,945.098
27155,573.872
27157,522.922
27159,536.347
27161,423.363
27163,384.714
27165,434.947
27167,751.038
27169,626.177
27171,661.159
27173,759.101
28001,462.344
28003,400.044
28005,730.1
28007,734.957
28009,406.616
28011,876.507
28013,586.573
28015,628.388
28017,501.782
28019,418.197
28021,487.415
28023,691.576
28025,410.072
28027,553.095
28029,777.285
28031,413.819
28033,476.346
28035,466.042
28037,563.964
28039,478.696
28041,712.738
28043,422.122
28045,473.964
28047,573.641
28049,869.845
28051,756.674
28053,418.514
28055,412.98
28057,532.795
28059,722.825
28061,676.311
28063,519.933
28065,408.446
28067,694.845
28069,766.182
28071,631.697
28073,496.57
28075,703.674
28077,430.602
28079,582.897
28081,449.965
28083,594.074
28085,586.207
28087,505.443
28089,714.358
28091,542.385
28093,706.185
28095,765.092
28097,406.981
28099,570.134
28101,577.77
28103,695.158
28105,458.239
28107,685.175
28109,811.319
28111,647.282
28113,409.185
28115,497.813
28117,414.985
28119,405.012
28121,775.494
28123,609.231
28125,431.72
28127,589.165
28129,636.268
28131,445.485
28133,697.759
28135,645.223
28137,404.763
28139,457.822
28141,424.297
28143,454.13
28145,415.607
28147,403.928
28149,588.53
28151,723.972
28153,810.716
28155,421.158
28157,678.106
28159,607.251
28161,467.151
28163,922.339
29001,567.324
29003,432.632
29005,547.285
29007,692.25
29009,778.122
29011,592.03
29013,836.696
29015,704.033
29017,617.904
29019,685.554
29021,408.249
29023,694.755
29025,426.392
29027,834.567
29029,656.036
29031,578.517
29033,694.622
29035,507.359
29037,696.615
29039,474.47
29041,751.178
29043,562.589
29045,504.606
29047,397.663
29049,418.94
29051,391.548
29053,564.75
29055,742.477
29057,490.01
29059,540.951
29061,563.282
29063,421.358
29065,752.761
29067,813.623
29069,541.909
29071,922.649
29073,519.005
29075,491.422
29077,675.329
29079,435.293
29081,722.517
29083,696.936
29085,398.808
29087,462.693
29089,463.801
29091,927.177
29093,550.263
29095,604.52
29097,638.506
29099,656.445
29101,829.261
29103,504.009
29105,764.63
29107,628.28
29109,611.738
29111,505.017
29113,626.571
29115,615.588
29117,532.303
29119,539.445
29121,801.208
29123,494.386
29125,526.981
29127,436.922
29129,453.835
29131,592.572
29133,411.596
29135,415.03
29137,647.63
29139,535.047
29141,597.635
29143,674.884
29145,624.754
29147,876.964
29149,789.844
29151,606.58
29153,745.005
29155,492.605
29157,474.355
29159,682.229
29161,671.787
29163,670.439
29165,419.802
29167,635.527
29169,547.112
29171,517.317
29173,469.787
29175,482.712
29177,568.968
29179,808.477
29181,629.516
29183,560.501
29185,674.981
29186,499.153
29187,451.886
29189,507.875
29195,755.51
29197,307.305
29199,436.507
29201,420.005
29203,1003.82
29205,500.863
29207,823.142
29209,463.826
29211,647.982
29213,632.332
29215,1177.267
29217,826.391
29219,428.611
29221,759.866
29223,759.186
29225,592.563
29227,266.629
29229,681.775
29510,61.736
30001,5542.687
30003,4997.815
30005,4227.517
30007,1192.359
30009,2047.781
30011,3340.477
30013,2698.207
30015,3972.52
30017,3783.309
30019,1426.27
30021,2371.926
30023,736.683
30025,1620.595
30027,4339.329
30029,5087.222
30031,2605.352
30033,4676.56
30035,2995.098
30037,1174.423
30039,1727.162
30041,2899.401
30043,1656.997
30045,1869.687
30047,1490.467
30049,3458.381
30051,1429.988
30053,3612.559
30055,2642.225
30057,3588.156
30059,2391.868
30061,1219.619
30063,2593.009
30065,1868.958
30067,2802.479
30069,1655.625
30071,5140.422
30073,1624.567
30075,3298.196
30077,2326.042
30079,1736.603
30081,2390.998
30083,2084.556
30085,2354.602
30087,5008.135
30089,2760.401
30091,1676.941
30093,717.983
30095,1796.746
30097,1855.536
30099,2271.616
30101,1914.864
30103,977.801
30105,4926.114
30107,1422.481
30109,889.571
30111,2633.468
31001,563.274
31003,857.157
31005,715.152
31007,746.039
31009,710.691
31011,686.543
31013,1075.364
31015,539.935
31017,1221.356
31019,968.22
31021,491.586
31023,584.893
31025,557.347
31027,740.244
31029,894.419
31031,5960.222
31033,1196.008
31035,572.289
31037,411.647
31039,570.522
31041,2575.594
31043,264.276
31045,1396.391
31047,1013.059
31049,439.851
31051,476.11
31053,529.067
31055,326.407
31057,919.678
31059,575.371
31061,575.816
31063,974.631
31065,719.132
31067,851.461
31069,1705.365
31071,569.33
31073,458.155
31075,776.985
31077,569.811
31079,546.39
31081,542.11
31083,553.466
31085,713.062
31087,709.943
31089,2412.397
31091,721.16
31093,569.338
31095,570.178
31097,376.075
31099,516.243
31101,1061.744
31103,773.076
31105,951.942
31107,1108.443
31109,837.561
31111,2564.14
31113,570.698
31115,563.521
31117,859.255
31119,572.622
31121,487.259
31123,1424.017
31125,441.598
31127,407.377
31129,575.155
31131,615.664
31133,431.075
31135,883.313
31137,539.79
31139,573.249
31141,674.05
31143,438.671
31145,717.006
31147,551.841
31149,1008.293
31151,574.061
31153,238.101
31155,748.928
31157,739.608
31159,571.43
31161,2440.885
31163,565.853
31165,2066.722
31167,427.608
31169,573.807
31171,712.577
31173,393.584
31175,568.112
31177,389.957
31179,442.916
31181,574.913
31183,575.183
31185,572.51
32001,4950.157
32003,7891.651
32005,710.485
32007,17173.446
32009,3581.889
32011,4175.688
32013,9640.792
32015,5519.247
32017,10633.386
32019,2003.075
32021,3751.283
32023,18181.914
32027,6036.589
32029,263.778
32031,6315.877
32033,8886.665
32510,144.534
33001,401.847
33003,931.864
33005,706.709
33007,1794.573
33009,1708.599
33011,876.526
33013,932.899
33015,695.391
33017,367.47
33019,537.876
34001,555.514
34003,232.788
34005,799.292
34007,221.358
34009,251.522
34011,483.361
34013,126.085
34015,322.
34017,46.194
34019,427.835
34021,224.44
34023,309.222
34025,468.182
34027,460.972
34029,628.286
34031,186.013
34033,331.862
34035,301.866
34037,518.661
34039,102.766
34041,356.541
35001,1161.245
35003,6924.187
35005,6067.177
35006,4539.984
35007,3757.976
35009,1405.526
35011,2323.107
35013,3808.189
35015,4176.347
35017,3961.207
35019,3029.772
35021,2125.478
35023,3438.534
35025,4391.552
35027,4831.115
35028,109.123
35029,2965.179
35031,5451.064
35033,1926.249
35035,6612.562
35037,2873.955
35039,5860.874
35041,2446.051
35043,3710.194
35045,5517.231
35047,4721.515
35049,1910.38
35051,4181.208
35053,6646.387
35055,2202.373
35057,3345.213
35059,3825.05
35061,1066.744
36001,522.888
36003,1029.435
36005,42.172
36007,705.638
36009,1308.163
36011,691.583
36013,1060.412
36015,407.333
36017,893.593
36019,1037.751
36021,634.663
36023,498.774
36025,1442.596
36027,795.649
36029,1042.731
36031,1794.122
36033,1629.296
36035,495.46
36037,492.939
36039,647.161
36041,1717.378
36043,1411.54
36045,1268.704
36047,69.377
36049,1274.642
36051,631.762
36053,654.85
36055,656.943
36057,403.111
36059,284.542
36061,22.656
36063,522.353
36065,1212.331
36067,778.393
36069,644.075
36071,812.318
36073,391.263
36075,951.646
36077,1001.737
36079,230.203
36081,108.724
36083,652.459
36085,57.523
36087,173.444
36089,2679.516
36091,809.996
36093,204.581
36095,621.819
36097,328.343
36099,323.698
36101,1390.508
36103,911.174
36105,968.145
36107,518.767
36109,474.642
36111,1124.236
36113,867.217
36115,831.167
36117,603.83
36119,430.723
36121,592.752
36123,338.139
37001,423.452
37003,259.985
37005,234.835
37007,531.461
37009,426.264
37011,247.338
37013,832.736
37015,699.176
37017,875.032
37019,850.083
37021,656.497
37023,506.237
37025,361.232
37027,471.888
37029,240.33
37031,507.604
37033,425.367
37035,401.374
37037,681.679
37039,455.541
37041,172.657
37043,214.983
37045,464.249
37047,938.121
37049,706.573
37051,652.556
37053,261.909
37055,383.229
37057,553.178
37059,263.699
37061,814.72
37063,286.525
37065,505.436
37067,407.851
37069,491.802
37071,355.752
37073,340.612
37075,291.966
37077,531.991
37079,266.734
37081,645.922
37083,723.738
37085,594.933
37087,553.56
37089,372.949
37091,353.164
37093,390.153
37095,612.345
37097,574.409
37099,491.107
37101,792.017
37103,471.368
37105,255.062
37107,399.087
37109,295.847
37111,439.954
37113,515.579
37115,449.615
37117,456.412
37119,523.605
37121,221.251
37123,491.537
37125,697.68
37127,540.444
37129,192.255
37131,536.695
37133,762.075
37135,397.559
37137,336.515
37139,226.882
37141,871.296
37143,247.173
37145,392.34
37147,652.366
37149,237.687
37151,782.337
37153,473.689
37155,947.295
37157,565.642
37159,511.608
37161,565.437
37163,945.93
37165,319.14
37167,395.079
37169,449.345
37171,532.645
37173,527.728
37175,378.358
37177,390.777
37179,632.736
37181,252.396
37183,834.587
37185,429.391
37187,346.51
37189,312.438
37191,553.922
37193,753.679
37195,367.574
37197,334.942
37199,312.592
38001,987.547
38003,1491.558
38005,1388.555
38007,1148.488
38009,1668.858
38011,1161.809
38013,1103.619
38015,1632.694
38017,1764.935
38019,1489.125
38021,1131.493
38023,1261.13
38025,2008.492
38027,630.239
38029,1510.003
38031,634.08
38033,1000.885
38035,1436.225
38037,1659.233
38039,708.685
38041,1132.239
38043,1351.062
38045,1146.005
38047,992.599
38049,1873.942
38051,974.563
38053,2760.134
38055,2110.259
38057,1042.781
38059,1925.888
38061,1825.163
38063,981.815
38065,722.404
38067,1118.535
38069,1018.285
38071,1185.367
38073,862.472
38075,877.244
38077,1435.674
38079,903.042
38081,858.483
38083,972.226
38085,1094.052
38087,1215.264
38089,1334.913
38091,712.143
38093,2221.904
38095,1025.113
38097,861.871
38099,1281.607
38101,2013.028
38103,1270.533
38105,2077.6
39001,583.872
39003,402.545
39005,422.987
39007,702.067
39009,503.644
39011,401.388
39013,532.127
39015,489.543
39017,466.524
39019,394.612
39021,428.989
39023,396.877
39025,452.56
39027,408.731
39029,531.917
39031,563.988
39033,401.786
39035,457.211
39037,598.102
39039,411.45
39041,443.147
39043,251.288
39045,504.365
39047,406.361
39049,532.417
39051,405.447
39053,466.53
39055,400.301
39057,413.559
39059,522.254
39061,405.407
39063,531.325
39065,470.285
39067,402.331
39069,416.01
39071,553.084
39073,421.349
39075,422.612
39077,492.243
39079,420.31
39081,408.124
39083,525.499
39085,229.27
39087,453.393
39089,682.427
39091,458.506
39093,490.536
39095,339.663
39097,465.814
39099,411.488
39101,403.806
39103,421.458
39105,430.102
39107,462.447
39109,406.521
39111,455.723
39113,461.351
39115,416.426
39117,406.134
39119,664.546
39121,398.012
39123,254.704
39125,416.435
39127,407.934
39129,501.228
39131,440.282
39133,487.405
39135,424.226
39137,482.544
39139,495.227
39141,689.166
39143,408.246
39145,610.145
39147,551.026
39149,407.694
39151,575.265
39153,412.793
39155,618.101
39157,567.389
39159,431.759
39161,409.15
39163,412.36
39165,401.427
39167,631.974
39169,554.789
39171,420.66
39173,617.162
39175,406.879
40001,573.878
40003,866.565
40005,975.446
40007,1814.837
40009,901.675
40011,928.488
40013,904.253
40015,1277.754
40017,896.573
40019,822.204
40021,749.127
40023,770.377
40025,1834.808
40027,538.901
40029,516.771
40031,1069.322
40033,632.639
40035,761.255
40037,949.942
40039,988.779
40041,737.801
40043,999.628
40045,1231.477
40047,1058.507
40049,802.142
40051,1100.54
40053,1000.74
40055,639.285
40057,537.258
40059,1038.584
40061,576.725
40063,804.471
40065,802.653
40067,758.956
40069,643.049
40071,919.597
40073,898.078
40075,1015.078
40077,722.105
40079,1589.411
40081,952.372
40083,743.736
40085,513.914
40087,570.717
40089,1850.767
40091,618.286
40093,955.
40095,371.49
40097,655.395
40099,416.375
40101,810.624
40103,731.711
40105,565.817
40107,618.458
40109,708.897
40111,697.443
40113,2246.608
40115,470.817
40117,568.353
40119,684.901
40121,1305.522
40123,720.411
40125,787.793
40127,1395.537
40129,1141.135
40131,675.747
40133,632.833
40135,673.561
40137,870.209
40139,2041.273
40141,871.134
40143,570.217
40145,561.916
40147,415.524
40149,1003.089
40151,1286.482
40153,1242.786
41001,3067.967
41003,675.182
41005,1870.673
41007,828.13
41009,658.684
41011,1596.065
41013,2978.929
41015,1628.382
41017,3017.618
41019,5035.711
41021,1204.721
41023,4527.792
41025,10134.438
41027,522.087
41029,2783.252
41031,1781.701
41033,1638.649
41035,5949.977
41037,8138.61
41039,4554.091
41041,980.982
41043,2289.277
41045,9887.71
41047,1181.097
41049,2030.529
41051,431.159
41053,740.924
41055,823.614
41057,1102.369
41059,3215.448
41061,2036.941
41063,3145.897
41065,2381.136
41067,724.272
41069,1716.021
41071,715.942
42001,518.69
42003,729.954
42005,653.321
42007,434.695
42009,1012.241
42011,856.403
42013,525.276
42015,1147.474
42017,604.367
42019,789.486
42021,687.51
42023,396.233
42025,381.324
42027,1108.708
42029,750.546
42031,600.835
42033,1145.325
42035,887.984
42037,483.212
42039,1012.355
42041,545.48
42043,524.87
42045,183.815
42047,826.901
42049,798.913
42051,790.758
42053,427.259
42055,772.299
42057,437.551
42059,575.932
42061,874.652
42063,827.404
42065,652.435
42067,391.391
42069,459.013
42071,943.924
42073,357.365
42075,361.835
42077,345.332
42079,889.663
42081,1228.92
42083,979.694
42085,672.52
42087,411.045
42089,608.357
42091,482.971
42093,130.241
42095,369.788
42097,457.664
42099,551.449
42101,134.356
42103,544.895
42105,1081.249
42107,778.579
42109,328.784
42111,1075.047
42113,449.939
42115,823.498
42117,1133.805
42119,315.952
42121,674.265
42123,884.282
42125,857.01
42127,725.769
42129,1027.712
42131,397.376
42133,904.366
44001,24.132
44003,168.566
44005,102.431
44007,409.482
44009,329.279
45001,491.193
45003,1070.688
45005,408.095
45007,713.854
45009,393.367
45011,548.379
45013,576.037
45015,1103.62
45017,381.152
45019,917.979
45021,392.964
45023,580.661
45025,798.986
45027,607.206
45029,1056.504
45031,560.588
45033,405.067
45035,568.594
45037,500.71
45039,686.305
45041,800.505
45043,813.612
45045,785.933
45047,455.604
45049,559.975
45051,1133.306
45053,655.16
45055,726.612
45057,549.068
45059,712.87
45061,410.184
45063,698.998
45065,358.866
45067,489.372
45069,479.874
45071,630.293
45073,626.556
45075,1106.375
45077,496.94
45079,757.279
45081,452.715
45083,808.373
45085,665.078
45087,513.585
45089,934.166
45091,681.034
46003,708.46
46005,1258.698
46007,1184.642
46009,563.549
46011,792.217
46013,1713.03
46015,817.222
46017,471.405
46019,2250.01
46021,733.677
46023,1097.488
46025,957.512
46027,412.031
46029,687.585
46031,2469.694
46033,1556.943
46035,435.633
46037,1028.489
46039,622.739
46041,2302.376
46043,431.801
46045,1125.98
46047,1739.889
46049,981.713
46051,681.446
46053,1014.95
46055,1810.541
46057,507.019
46059,1436.633
46061,434.582
46063,2671.57
46065,741.527
46067,813.013
46069,860.629
46071,1863.883
46073,526.133
46075,969.672
46077,832.237
46079,562.891
46081,800.053
46083,577.293
46085,1642.285
46087,574.205
46089,1136.668
46091,838.081
46093,3470.934
46095,1307.325
46097,570.17
46099,806.838
46101,519.379
46102,2093.601
46103,2776.765
46105,2870.46
46107,861.138
46109,1101.055
46111,569.242
46115,1503.499
46117,1444.432
46119,1006.727
46121,1388.595
46123,1612.458
46125,617.064
46127,460.757
46129,708.642
46135,521.189
46137,1961.248
47001,337.203
47003,473.639
47005,394.306
47007,406.555
47009,558.82
47011,328.762
47013,480.19
47015,265.635
47017,597.658
47019,341.258
47021,302.503
47023,285.736
47025,434.604
47027,236.537
47029,436.135
47031,428.964
47033,265.528
47035,681.306
47037,503.695
47039,333.878
47041,304.415
47043,489.898
47045,512.351
47047,704.775
47049,498.607
47051,554.497
47053,602.745
47055,610.931
47057,280.587
47059,622.169
47061,360.444
47063,161.188
47065,542.164
47067,222.324
47069,667.768
47071,577.484
47073,487.056
47075,533.107
47077,520.009
47079,561.902
47081,612.483
47083,200.294
47085,530.763
47087,308.798
47089,275.073
47091,298.44
47093,508.332
47095,165.785
47097,471.895
47099,617.13
47101,282.092
47103,570.342
47105,229.272
47107,430.117
47109,562.842
47111,307.144
47113,557.174
47115,498.254
47117,375.462
47119,613.139
47121,195.135
47123,635.774
47125,539.169
47127,129.223
47129,522.18
47131,544.847
47133,433.485
47135,414.762
47137,162.979
47139,434.605
47141,401.106
47143,315.473
47145,360.763
47147,476.336
47149,619.267
47151,532.301
47153,265.851
47155,592.489
47157,760.554
47159,314.295
47161,459.776
47163,413.442
47165,529.459
47167,455.611
47169,114.342
47171,186.064
47173,223.583
47175,273.415
47177,432.673
47179,326.49
47181,734.109
47183,580.353
47185,376.678
47187,582.863
47189,570.871
48001,1062.617
48003,1500.721
48005,797.865
48007,252.069
48009,903.289
48011,909.123
48013,1219.541
48015,646.496
48017,826.972
48019,790.994
48021,888.228
48023,867.481
48025,880.239
48027,1053.831
48029,1240.32
48031,709.252
48033,897.443
48035,982.981
48037,884.934
48039,1363.326
48041,586.138
48043,6183.763
48045,900.001
48047,943.355
48049,944.452
48051,659.082
48053,994.802
48055,544.541
48057,506.937
48059,899.372
48061,891.71
48063,195.847
48065,920.235
48067,936.948
48069,894.444
48071,597.078
48073,1052.955
48075,696.511
48077,1088.759
48079,775.082
48081,911.646
48083,1262.914
48085,841.255
48087,918.441
48089,960.291
48091,559.528
48093,937.753
48095,983.755
48097,874.826
48099,1052.248
48101,900.564
48103,785.069
48105,2807.324
48107,900.199
48109,3812.156
48111,1503.132
48113,873.055
48115,900.306
48117,1496.822
48119,256.832
48121,878.505
48123,908.976
48125,901.724
48127,1328.885
48129,926.906
48131,1793.477
48133,926.508
48135,897.858
48137,2117.872
48139,935.748
48141,1013.234
48143,1083.179
48145,765.495
48147,890.835
48149,949.934
48151,898.951
48153,992.143
48155,704.397
48157,861.717
48159,284.391
48161,877.731
48163,1133.501
48165,1502.363
48167,379.286
48169,893.416
48171,1058.202
48173,900.218
48175,852.011
48177,1066.686
48179,925.974
48181,932.836
48183,273.38
48185,787.466
48187,711.253
48189,1004.68
48191,883.492
48193,835.915
48195,919.81
48197,695.114
48199,890.588
48201,1706.964
48203,900.059
48205,1461.951
48207,903.133
48209,676.85
48211,906.286
48213,873.781
48215,1570.957
48217,958.855
48219,908.392
48221,420.69
48223,767.431
48225,1231.001
48227,900.791
48229,4570.525
48231,840.416
48233,887.42
48235,1051.544
48237,910.972
48239,829.443
48241,938.655
48243,2264.556
48245,876.762
48247,1136.173
48249,865.176
48251,724.782
48253,928.605
48255,747.752
48257,780.785
48259,662.454
48261,1458.562
48263,902.507
48265,1103.332
48267,1250.98
48269,910.873
48271,1360.533
48273,881.306
48275,850.621
48277,907.331
48279,1016.181
48281,712.528
48283,1486.704
48285,969.709
48287,629.04
48289,1073.156
48291,1158.353
48293,905.43
48295,932.214
48297,1039.695
48299,934.064
48301,668.818
48303,895.602
48305,891.867
48307,1065.601
48309,1036.655
48311,1139.799
48313,466.065
48315,380.902
48317,914.956
48319,928.836
48321,1092.918
48323,1279.473
48325,1325.36
48327,902.027
48329,900.358
48331,1016.356
48333,748.225
48335,911.09
48337,930.906
48339,1042.181
48341,899.698
48343,251.989
48345,989.566
48347,946.324
48349,1009.702
48351,933.677
48353,911.997
48355,839.065
48357,917.685
48359,1500.523
48361,333.786
48363,952.549
48365,811.355
48367,903.72
48369,880.82
48371,4763.835
48373,1057.045
48375,908.39
48377,3855.252
48379,229.453
48381,912.711
48383,1175.314
48385,699.159
48387,1043.896
48389,2635.354
48391,770.484
48393,924.058
48395,855.155
48397,127.206
48399,1051.07
48401,924.199
48403,491.71
48405,530.659
48407,569.243
48409,693.436
48411,1135.313
48413,1310.642
48415,905.445
48417,914.286
48419,795.589
48421,922.86
48423,921.473
48425,186.377
48427,1223.179
48429,896.721
48431,923.449
48433,916.313
48435,1453.935
48437,890.16
48439,865.285
48441,915.536
48443,2357.958
48445,888.839
48447,912.552
48449,406.064
48451,1522.001
48453,994.053
48455,693.795
48457,924.39
48459,582.98
48461,1241.323
48463,1551.921
48465,3144.75
48467,842.572
48469,882.106
48471,784.222
48473,513.296
48475,835.603
48477,604.194
48479,3361.478
48481,1086.142
48483,914.533
48485,627.594
48487,970.946
48489,590.602
48491,1115.833
48493,803.734
48495,841.269
48497,904.394
48499,645.243
48501,799.715
48503,914.498
48505,998.412
48507,1297.407
49001,2582.901
49003,5745.597
49005,1164.726
49007,1479.184
49009,696.986
49011,299.067
49013,3235.344
49015,4462.277
49017,5175.149
49019,3672.744
49021,3296.337
49023,3391.679
49025,3989.946
49027,6785.5
49029,609.169
49031,758.438
49033,1028.847
49035,742.07
49037,7819.795
49039,1589.931
49041,1910.434
49043,1870.579
49045,6941.946
49047,4482.383
49049,2004.08
49051,1177.014
49053,2427.439
49055,2461.02
49057,576.272
50001,766.108
50003,674.807
50005,648.757
50007,537.283
50009,662.539
50011,630.676
50013,81.769
50015,462.253
50017,687.191
50019,694.514
50021,929.723
50023,686.578
50025,785.466
50027,969.784
51001,449.317
51003,720.472
51005,446.572
51007,355.36
51009,473.962
51011,334.224
51013,25.997
51015,967.074
51017,529.202
51019,760.104
51021,357.651
51023,541.276
51025,566.234
51027,502.854
51029,579.623
51031,503.207
51033,527.363
51035,474.744
51036,182.901
51037,475.296
51041,423.506
51043,175.933
51045,328.098
51047,379.187
51049,297.474
51051,330.451
51053,503.886
51057,257.335
51059,391.021
51061,647.994
51063,380.923
51065,287.117
51067,690.61
51069,413.135
51071,357.224
51073,217.81
51075,282.029
51077,441.785
51079,155.947
51081,295.227
51083,817.731
51085,467.626
51087,233.675
51089,382.351
51091,415.163
51093,315.685
51095,142.298
51097,315.149
51099,179.628
51101,273.91
51103,133.306
51105,435.378
51107,515.738
51109,495.047
51111,431.7
51113,320.638
51115,85.911
51117,625.31
51119,130.33
51121,386.847
51125,470.745
51127,210.035
51131,211.712
51133,191.432
51135,314.39
51137,341.078
51139,310.021
51141,482.954
51143,969.003
51145,260.202
51147,349.946
51149,265.342
51153,335.256
51155,319.839
51157,266.372
51159,191.478
51161,250.548
51163,596.543
51165,849.789
51167,473.524
51169,535.827
51171,508.079
51173,451.44
51175,599.196
51177,401.412
51179,269.205
51181,278.949
51183,490.226
51185,518.791
51187,214.597
51191,561.193
51193,229.326
51195,403.44
51197,461.952
51199,104.707
51510,14.935
51520,12.871
51530,6.438
51540,10.245
51550,338.456
51570,7.519
51580,5.469
51590,42.797
51595,6.904
51600,6.24
51610,2.046
51620,8.277
51630,10.45
51640,8.236
51650,51.461
51660,17.339
51670,10.354
51678,2.499
51680,48.976
51683,9.843
51685,3.034
51690,10.956
51700,68.989
51710,53.275
51720,7.477
51730,22.72
51735,15.357
51740,33.301
51750,9.676
51760,59.925
51770,42.521
51775,14.515
51790,19.92
51800,399.16
51810,244.723
51820,14.97
51830,8.938
51840,9.193
53001,1924.989
53003,636.075
53005,1700.128
53007,2921.178
53009,1738.741
53011,628.494
53013,868.585
53015,1141.159
53017,1819.244
53019,2203.241
53021,1241.596
53023,710.835
53025,2679.55
53027,1901.474
53029,208.474
53031,1803.728
53033,2115.229
53035,395.102
53037,2297.28
53039,1871.636
53041,2402.782
53043,2310.598
53045,959.548
53047,5266.201
53049,933.609
53051,1400.245
53053,1667.963
53055,173.913
53057,1730.246
53059,1658.284
53061,2086.525
53063,1764.22
53065,2477.098
53067,722.496
53069,262.926
53071,1270.033
53073,2107.918
53075,2159.262
53077,4294.512
54001,341.059
54003,321.147
54005,501.534
54007,510.735
54009,89.196
54011,281.023
54013,279.25
54015,341.939
54017,319.723
54019,661.613
54021,338.503
54023,477.372
54025,1019.813
54027,640.402
54029,82.609
54031,582.315
54033,416.008
54035,464.359
54037,209.296
54039,901.648
54041,386.93
54043,437.093
54045,453.717
54047,533.458
54049,308.753
54051,305.431
54053,430.768
54055,418.962
54057,327.882
54059,423.14
54061,360.092
54063,472.754
54065,229.073
54067,646.846
54069,105.83
54071,696.05
54073,130.119
54075,940.239
54077,648.814
54079,345.679
54081,605.359
54083,1039.7
54085,451.99
54087,483.563
54089,360.592
54091,172.771
54093,419.044
54095,256.302
54097,354.638
54099,506.005
54101,553.47
54103,358.067
54105,232.511
54107,366.5
54109,499.47
55001,645.646
55003,1044.97
55005,863.047
55007,1477.874
55009,530.092
55011,675.791
55013,821.561
55015,318.25
55017,1008.355
55019,1209.698
55021,765.547
55023,570.648
55025,1196.492
55027,875.699
55029,481.963
55031,1304.271
55033,850.159
55035,637.922
55037,488.123
55039,719.566
55041,1014.244
55043,1146.879
55045,584.044
55047,349.544
55049,762.698
55051,758.209
55053,987.915
55055,556.492
55057,767.081
55059,271.837
55061,342.454
55063,451.804
55065,633.588
55067,870.698
55069,878.704
55071,589.306
55073,1545.195
55075,1399.466
55077,455.712
55078,357.615
55079,241.482
55081,900.904
55083,997.481
55085,1113.944
55087,637.557
55089,233.018
55091,232.007
55093,574.018
55095,914.32
55097,800.874
55099,1254.055
55101,332.642
55103,586.15
55105,718.167
55107,913.553
55109,722.158
55111,831.543
55113,1257.607
55115,893.225
55117,511.528
55119,975.052
55121,732.97
55123,791.562
55125,857.709
55127,555.388
55129,797.114
55131,430.644
55133,549.72
55135,747.695
55137,626.161
55139,434.697
55141,793.038
56001,4274.327
56003,3136.957
56005,4802.065
56007,7897.803
56009,4254.995
56011,2854.48
56013,9183.59
56015,2225.613
56017,2004.431
56019,4154.152
56021,2685.864
56023,4075.337
56025,5340.538
56027,2626.028
56029,6939.039
56031,2081.459
56033,2523.361
56035,4886.482
56037,10426.98
56039,3996.849
56041,2081.721
56043,2238.679
56045,2398.005
72001,66.69
72003,30.859
72005,36.532
72007,30.085
72009,31.311
72011,39.285
72013,125.939
72015,15.009
72017,18.696
72019,34.253
72021,44.375
72023,70.366
72025,58.604
72027,46.355
72029,32.869
72031,45.373
72033,4.832
72035,51.935
72037,29.036
72039,66.529
72041,36.023
72043,78.013
72045,28.401
72047,42.567
72049,11.645
72051,23.116
72053,29.903
72054,15.209
72055,37.05
72057,65.043
72059,42.271
72061,27.585
72063,27.885
72065,41.777
72067,11.346
72069,44.718
72071,55.311
72073,44.533
72075,60.278
72077,26.49
72079,59.957
72081,61.45
72083,46.36
72085,33.88
72087,19.374
72089,25.811
72091,45.14
72093,36.622
72095,21.165
72097,77.674
72099,50.341
72101,38.871
72103,51.66
72105,27.401
72107,63.625
72109,46.601
72111,44.617
72113,114.938
72115,22.683
72117,14.288
72119,60.621
72121,36.313
72123,69.404
72125,54.496
72127,47.888
72129,53.108
72131,70.423
72133,34.035
72135,27.017
72137,23.244
72139,20.758
72141,113.532
72143,27.728
72145,45.848
72147,50.788
72149,35.637
72151,55.215
72153,67.711
